solver,threads,exec_ms,speedup,efficiency_pct,rmse,max_temp_C,throughput_MPointsPerSec
Serial,1,170283.6404,1.000000,1.0000,2.947695e-06,90.600938,18.2783
OpenMP (1T),1,167533.6514,1.016415,101.6415,2.947695e-06,90.600938,18.5784
OpenMP (2T),2,101057.1920,1.685022,84.2511,2.947695e-06,90.600938,30.7994
OpenMP (4T),4,68761.3228,2.476445,61.9111,2.947695e-06,90.600938,45.2653
OpenMP (8T),8,51069.0267,3.334382,41.6798,2.947695e-06,90.600938,60.9469
