solver,threads,exec_ms,speedup,efficiency_pct,rmse,max_temp_C,throughput_MPointsPerSec
Serial,1,75755.4496,1.000000,100.0000,2.947695e-06,90.600938,41.0862
OpenMP-1T,1,77924.0650,0.972170,97.2170,2.947695e-06,90.600938,39.9427
OpenMP-2T,2,44039.6266,1.720166,86.0083,2.947695e-06,90.600938,70.6750
OpenMP-4T,4,34690.7791,2.183734,54.5934,2.947695e-06,90.600938,89.7212
OpenMP-8T,8,33571.1099,2.256567,28.2071,2.947695e-06,90.600938,92.7136
